,pdb_id,type,ligand_id,ligand_smiles,ligand_resid,ligand_chain,affinity_measure,affinity_value,apo95_pdb
0,1AWI,ligand,PRO PRO PRO PRO PRO PRO PRO PRO PRO PRO,O=C([O-])C1N(C(=O)C2N(C(=O)C3N(C(=O)C4N(C(=O)C5N(C(=O)C6N(C(=O)C7N(C(=O)C8N(C(=O)C9N(C(=O)C%10[N+H2]CCC%10)CCC9)CCC8)CCC7)CCC6)CCC5)CCC4)CCC3)CCC2)CCC1,1,P,Kd,90000.0,4X25
1,1JQ9,ligand,PHE LEU SER TYR LYS,O=C([O-])C(NC(=O)C(NC(=O)C(NC(=O)C(NC(=O)C([N+H3])Cc1ccccc1)CC(C)C)CO)Cc1ccc(O)cc1)CCCC[N+H3],1,P,Kd,3.57,5VET
2,1LB6,ligand,LYS GLN GLU PRO GLN GLU ILE ASP PHE,O=C([O-])C(NC(=O)C(NC(=O)C(NC(=O)C(NC(=O)C(NC(=O)C1N(C(=O)C(NC(=O)C(NC(=O)C([N+H3])CCCC[N+H3])CCC(=O)N)CCC(=O)[O-])CCC1)CCC(=O)N)CCC(=O)[O-])C(CC)C)CC(=O)[O-])Cc1ccccc1,601,B,Kd,84000.0,1LB4
3,1MF4,ligand,VAL ALA PHE ARG SER,O=C(NC(C(=O)NC(C(=O)NC(C(=O)NC(C=O)CO)CCCNC(=[N+H2])N)Cc1ccccc1)C)C([N+H3])C(C)C,1,B,Ki,10.2,1LN8
4,1MI5,ligand,PHE LEU ARG GLY ARG ALA TYR GLY LEU,O=C([O-])C(NC(=O)CNC(=O)C(NC(=O)C(NC(=O)C(NC(=O)CNC(=O)C(NC(=O)C(NC(=O)C([N+H3])Cc1ccccc1)CC(C)C)CCCNC(=[N+H2])N)CCCNC(=[N+H2])N)C)Cc1ccc(O)cc1)CC(C)C,1,C,Kd,10000.0,1M05
5,1OBX,ligand,GLU THR LEU GLU ASP SER VAL PHE,O=C([O-])C(NC(=O)C(NC(=O)C(NC(=O)C([N+H3])CC(=O)[O-])CO)C(C)C)Cc1ccccc1,5,B,Kd,1900.0,1R6J
6,1UTC,ligand,THR LEU PRO TRP ASP LEU TRP THR THR,O=C(NC(C(=O)N1C(C(=O)NC(C(=O)NC(C(=O)NC(C(=O)NC(C=O)Cc2c3c([nH]c2)cccc3)CC(C)C)CC(=O)[O-])Cc2c3c([nH]c2)cccc3)CCC1)CC(C)C)C([N+H3])C(O)C,1,P,Kd,28000.0,5M5S
7,1W9O,ligand,THR ASN GLU TYR TYR VAL,O=C([O-])C(NC(=O)C(NC(=O)C(NC(=O)C(NC(=O)C([N+H3])CC(=O)N)CCC(=O)[O-])Cc1ccc(O)cc1)Cc1ccc(O)cc1)C(C)C,2,S,Kd,740000.0,1N99
8,1Y7L,ligand,GLY ILE ASP ASP GLY MET ASN LEU ASN ILE,n/a,264,P,Ki,130.0,5XCN
9,1YWO,ligand,GLN PRO PRO VAL PRO PRO GLN ARG PRO MET,S(CCC(NC(=O)C1N(C(=O)C(NC(=O)C(NC(=O)C2N(C(=O)C3N(C(=O)C(NC(=O)C4N(C(=O)C5N(C(=O)C([N+H3])CCC(=O)N)CCC5)CCC4)C(C)C)CCC3)CCC2)CCC(=O)N)CCCNC(=[N+H2])N)CCC1)C(=O)[O-])C,1,P,Kd,12500.0,1YWP
10,2AK5,ligand,ARG PRO PRO LYS PRO ARG PRO ARG,n/a,904,D,Kd,14000.0,2DF6
11,2BNQ,ligand,SER LEU LEU MET TRP ILE THR GLN VAL,S(CCC(NC(=O)C(NC(=O)C(NC(=O)C([N+H3])CO)CC(C)C)CC(C)C)C(=O)NC(C(=O)NC(C(=O)NC(C(=O)NC(C(=O)NC(C=O)C(C)C)CCC(=O)N)C(O)C)C(CC)C)Cc1c2c([nH]c1)cccc2)C,1,C,Kd,5000.0,6VR1
12,2CV3,ligand,THR THR LEU LYS PHE PRO SER ASP TRP ASP ASP,n/a,256,B,ic50,270.0,3MNX
13,2HL3,ligand,GLU GLU GLN GLU GLU TYR,O=C([O-])C(NC(=O)C(NC(=O)C([N+H3])CCC(=O)[O-])CCC(=O)[O-])Cc1ccc(O)cc1,266,C,Kd,170.0,2HKQ
14,2O9V,ligand,VAL PRO PRO PRO VAL PRO PRO PRO PRO SER,O=C(C([N+H3])C(C)C)N1C(C(=O)N2C(C(=O)N3C(C(=O)NC(C(=O)N4C(C(=O)N5C(C(=O)N6C(C(=O)N7C(C(=O)NC(C=O)CO)CCC7)CCC6)CCC5)CCC4)C(C)C)CCC3)CCC2)CCC1,45,B,Kd,288000.0,2O2W
15,2PEH,ligand,LYS ARG LYS SER ARG TRP ASP GLU THR PRO,O=C(NC(C(=O)NC(C(=O)NC(C(=O)NC(C(=O)NC(C(=O)N1C(C=O)CCC1)C)CCC(=O)[O-])CC(=O)[O-])Cc1c2c([nH]c1)cccc2)CCCNC(=[N+H2])N)C(NC(=O)C(NC(=O)C([N+H3])C)C)CO,333,C,Kd,1100.0,6HIP
16,2QL9,ligand,GLN GLY HIS GLY GLU,O=C([O-])C(NC(=O)CNC(=O)C(NC(=O)CNC(=O)C([N+H3])CCC(=O)N)Cc1nc[nH]c1)CCC(=O)[O-],810,G,Ki,0.94,3EDR
17,2R3Y,ligand,ASP ASN ARG LEU GLY LEU VAL TYR TRP PHE,O=C([O-])C(NC(=O)C(NC(=O)C(NC(=O)C([N+H3])C(C)C)Cc1ccc(O)cc1)Cc1c2c([nH]c1)cccc2)Cc1ccccc1,407,D,Kd,6500.0,4RR1
18,2VJ0,ligand,PHE GLU ASP ASN PHE VAL PRO,O=C(NCC(=O)NC(C(=O)NC(C(=O)NC(C(=O)NC(C(=O)N1C(C=O)CCC1)C(C)C)Cc1ccccc1)CC(=O)N)CC(=O)[O-])C([N+H3])Cc1ccccc1,1,Q,Kd,21000.0,3HS8
19,2VL1,ligand,GLY GLY,O=C([O-])CNC(=O)C[N+H3],601,A,Ki,45000000.0,2V8G
20,2WA8,ligand,PHE ARG SER LYS GLY GLU GLU LEU PHE THR,O=C(NC(C(=O)NC(C(=O)NC(C(=O)NCC=O)CCCC[N+H3])CO)CCCNC(=[N+H2])N)C([N+H3])Cc1ccccc1,1,B,Kd,3800.0,1LZW
21,3DIW,ligand,ASN GLN LEU ALA TRP PHE ASP THR ASP LEU,O=C([O-])C(NC(=O)C(NC(=O)C(NC(=O)C(NC(=O)C(NC(=O)C(NC(=O)C(NC(=O)C(NC(=O)C([N+H3])CCC(=O)N)CC(C)C)C)Cc1c2c([nH]c1)cccc2)Cc1ccccc1)CC(=O)[O-])C(O)C)CC(=O)[O-])CC(C)C,773,C,Kd,190.0,3DJ1
22,3DRG,ligand,ARG PRO PRO GLY PHE SER PRO PHE ALA,O=C(NC(C(=O)N1C(C(=O)NC(C(=O)NC(C=O)C)Cc2ccccc2)CCC1)CO)C(NC(=O)CNC(=O)C1N(C(=O)C2N(C(=O)C([N+H3])CCCNC(=[N+H2])N)CCC2)CCC1)Cc1ccccc1,1,B,Kd,100.0,3FTO
23,3GJF,ligand,SER LEU LEU MET TRP ILE THR GLN VAL,S(CCC(NC(=O)C(NC(=O)C(NC(=O)C([N+H3])CO)CC(C)C)CC(C)C)C(=O)NC(C(=O)NC(C(=O)NC(C(=O)NC(C(=O)NC(C=O)C(C)C)CCC(=O)N)C(O)C)C(CC)C)Cc1c2c([nH]c1)cccc2)C,1,C,Kd,46.0,5C0C
24,3NIM,ligand,ARG ARG ALA ALA,O=C([O-])C(NC(=O)C(NC(=O)C(NC(=O)C([N+H3])CCCNC(=[N+H2])N)CCCNC(=[N+H2])N)C)C,1,X,Kd,17700.0,3NIK
25,3OBU,ligand,PRO GLU PRO THR ALA PRO PRO GLU GLU,O=C([O-])C(NC(=O)C(NC(=O)C1N(C(=O)C2N(C(=O)C(NC(=O)C(NC(=O)C3N(C(=O)C(NC(=O)C4[N+H2]CCC4)CCC(=O)[O-])CCC3)C(O)C)C)CCC2)CCC1)CCC(=O)[O-])CCC(=O)[O-],5,B,Kd,50000.0,3OBS
26,3R42,ligand,GLN VAL PRO SER ASP PRO TYR ASN TYR,O=C(NC(C(=O)N1C(C(=O)NC(C(=O)NC(C(=O)N2C(C(=O)NC(C(=O)NC(C=O)CC(=O)N)Cc3ccc(O)cc3)CCC2)CC(=O)[O-])CO)CCC1)C(C)C)C([N+H3])CCC(=O)N,445,B,Kd,84000.0,3R3Q
27,3SOU,ligand,ALA ARG THR LYS GLN THR ALA ARG LYS,O=C(NC(C(=O)NC(C(=O)NC(C(=O)NC(C(=O)NC(C=O)CCCNC(=[N+H2])N)C)C(O)C)CCC(=O)N)CCCC[N+H3])C(NC(=O)C(NC(=O)C([N+H3])C)CCCNC(=[N+H2])N)C(O)C,1,D,Kd,2500.0,3T6R
28,3WOL,ligand,VAL TYR,O=C([O-])C(NC(=O)C([N+H3])C(C)C)Cc1ccc(O)cc1,801,B,Ki,410000.0,3WOK
29,4EZW,ligand,ASN ARG LEU LEU LEU THR GLY,O=C(NC(C(=O)NC(C(=O)NC(C(=O)NC(C(=O)NC(C=O)C(O)C)CC(C)C)CC(C)C)CC(C)C)CCCNC(=[N+H2])N)C([N+H3])CC(=O)N,1,E,Kd,1000.0,4R5J
30,4HXJ,ligand,ARG GLY THR,O=C([O-])C(NC(=O)CNC(=O)C([N+H3])CCCNC(=[N+H2])N)C(O)C,760,C,Kd,74300.0,3FJ5
31,4JFF,ligand,GLU LEU ALA GLY ILE GLY ILE LEU THR VAL,O=C([O-])C(NC(=O)C(NC(=O)C(NC(=O)C(NC(=O)CNC(=O)C(NC(=O)CNC(=O)C(NC(=O)C(NC(=O)C([N+H3])CCC(=O)[O-])CC(C)C)C)C(CC)C)C(CC)C)CC(C)C)C(O)C)C(C)C,1,C,Kd,0.060000000000000005,6VR1
32,4NXQ,ligand,GLU ASN GLN LYS GLU TYR PHE PHE,O=C([O-])C(NC(=O)C(NC(=O)C(NC(=O)C(NC(=O)C(NC(=O)C(NC(=O)C([N+H3])CC(=O)N)CCC(=O)N)CCCC[N+H3])CCC(=O)[O-])Cc1ccc(O)cc1)Cc1ccccc1)Cc1ccccc1,3,E,Kd,18000.0,3KZE
33,4NY3,ligand,THR PRO ASP TYR PHE LEU,O=C([O-])C(NC(=O)C(NC(=O)C(NC(=O)C(NC(=O)C1[N+H2]CCC1)CC(=O)[O-])Cc1ccc(O)cc1)Cc1ccccc1)CC(C)C,305,D,Kd,49500.0,2HV6
34,4OU3,ligand,CYS ASN GLY ARG CYS GLY,n/a,1,B,Ki,38700.0,4FKE
35,4P0A,ligand,THR GLU ASP ASN ASP ASP ASP LEU TYR GLY,O=C(NC(C=O)Cc1ccc(O)cc1)C([N+H3])CC(C)C,803,D,Kd,30300.0,4JUY
36,4Z0U,ligand,TRP MET ASP PHE ASP ASP ASP ILE PRO PHE,O=C([O-])C(NC(=O)C1N(C(=O)C(NC(=O)C([N+H3])CC(=O)[O-])C(CC)C)CCC1)Cc1ccccc1,174,E,Kd,2000.0,1WSE
37,4Z76,ligand,LEU TYR LEU VAL CYS GLY GLU ARG VAL,SCC(NC(=O)C(NC(=O)C(NC(=O)C(NC(=O)C([N+H3])CC(C)C)Cc1ccc(O)cc1)CC(C)C)C(C)C)C(=O)NCC(=O)NC(C(=O)NC(C(=O)NC(C(=O)[O-])C(C)C)CCCNC(=[N+H2])N)CCC(=O)[O-],1,F,Kd,13600.0,5GSX
38,5AZG,ligand,TYR GLN GLU SER THR ASP PHE THR PHE LEU,O=C([O-])C(NC(=O)C(NC(=O)C(NC(=O)C(NC(=O)C(NC(=O)C([N+H3])C(O)C)CC(=O)[O-])Cc1ccccc1)C(O)C)Cc1ccccc1)CC(C)C,357,C,Kd,2900.0,5AZF
39,5BS0,ligand,GLU SER ASP PRO ILE VAL ALA GLN TYR,O=C([O-])C(NC(=O)C(NC(=O)C(NC(=O)C(NC(=O)C(NC(=O)C1N(C(=O)C(NC(=O)C(NC(=O)C([N+H3])CCC(=O)[O-])CO)CC(=O)[O-])CCC1)C(CC)C)C(C)C)C)CCC(=O)N)Cc1ccc(O)cc1,1,C,Kd,76.7,1QVO
40,5E1M,ligand,PRO PRO LYS ARG ILE ALA,O=C([O-])C(NC(=O)C(NC(=O)C(NC(=O)C(NC(=O)C1N(C(=O)C2[N+H2]CCC2)CCC1)CCCC[N+H3])CCCNC(=[N+H2])N)C(CC)C)C,1,E,Kd,2.8,2EX4
41,5E2Q,ligand,ASP ARG VAL TYR ILE HIS PRO PHE,O=C(NC(C(=O)N1C(C(=O)[N+H3])CCC1)Cc1nc[nH]c1)C(NC(=O)C([N+H3])Cc1ccc(O)cc1)C(CC)C,1,B,Kd,1640.0,3FVY
42,5HFF,ligand,THR LYS ASN TYR LYS GLN PHE SER VAL,O=C([O-])C(NC(=O)C(NC(=O)C(NC(=O)C(NC(=O)C(NC(=O)C(NC(=O)C(NC(=O)C([N+H3])C)CC(=O)N)Cc1ccc(O)cc1)CCCC[N+H3])CCC(=O)N)Cc1ccccc1)CO)C(C)C,2,B,Kd,500.0,5HET
43,5ISZ,ligand,GLY ILE LEU GLY PHE VAL PHE THR LEU,O=C(NC(C=O)CC(C)C)C(NC(=O)C(NC(=O)C(NC(=O)C(NC(=O)CNC(=O)C(NC(=O)C(NC(=O)C[N+H3])C(CC)C)CC(C)C)Cc1ccccc1)C(C)C)Cc1ccccc1)C(O)C,1,C,Kd,27.0,6VR1
44,5IVX,ligand,ARG GLY PRO GLY ARG ALA PHE VAL THR ILE,O=C(NC(C=O)C(CC)C)C(NC(=O)C(NC(=O)C(NC(=O)C(NC(=O)C(NC(=O)CNC(=O)C1N(C(=O)CNC(=O)C([N+H3])CCCNC(=[N+H2])N)CCC1)CCCNC(=[N+H2])N)C)Cc1ccccc1)C(C)C)C(O)C,1,P,Kd,540.0,6NPR
45,5JHD,ligand,GLY ILE LEU GLY PHE VAL PHE THR LEU,O=C(NC(C=O)CC(C)C)C(NC(=O)C(NC(=O)C(NC(=O)C(NC(=O)CNC(=O)C(NC(=O)C(NC(=O)C[N+H3])C(CC)C)CC(C)C)Cc1ccccc1)C(C)C)Cc1ccccc1)C(O)C,1,H,Kd,37.0,5C07
46,5N70,ligand,ALA PHE ARG ILE PRO LEU THR ARG,O=C([O-])C(NC(=O)C(NC(=O)C(NC(=O)C1N(C(=O)C(NC(=O)C(NC(=O)C(NC(=O)C([N+H3])C)Cc2ccccc2)CCCNC(=[N+H2])N)C(CC)C)CCC1)CC(C)C)C(O)C)CCCNC(=[N+H2])N,5,B,Kd,3.0,5N71
47,5T8R,ligand,ALA ARG THR LYS GLN THR ALA ARG LYS SER,O=C(NC(C(=O)NC(C(=O)NC(C(=O)NC(C=O)C)C(O)C)C)CCCC[N+H3])C(NC(=O)C(NC(=O)C([N+H3])C)C)C(O)C,1,E,Kd,51000.0,4QF2
48,5U98,ligand,VAL THR THR ASP ILE GLN VAL LYS VAL,O=C([O-])C(NC(=O)C(NC(=O)C(NC(=O)C(NC(=O)C(NC(=O)C(NC(=O)C(NC(=O)C(NC(=O)C([N+H3])C(C)C)C(O)C)C(O)C)CC(=O)[O-])C(CC)C)CCC(=O)N)C(C)C)CCCC[N+H3])C(C)C,1,C,Kd,0.2,2YPL
49,5VNF,ligand,VAL THR SER VAL VAL,O=C([O-])C(NC(=O)C(NC(=O)C(NC(=O)C(NC(=O)C([N+H3])C)C)CO)C(C)C)C(C)C,7,D,Kd,14200.0,2NUT
50,5XN3,ligand,ARG GLY ASP ILE ASN ASN ASN VAL,O=C(NC(C(=O)NC(C(=O)NC(C(=O)NC(C=O)C(C)C)CC(=O)N)CC(=O)N)CC(=O)N)C(NC(=O)C(NC(=O)CNC(=O)C([N+H3])CCCNC(=[N+H2])N)CC(=O)[O-])C(CC)C,1,B,Kd,671.0,3EMW
51,5Y24,ligand,GLY MET PRO ARG GLY ALA,S(CCC(NC(=O)C[N+H3])C(=O)N1C(C(=O)NC(C(=O)NCC(=O)NC(C(=O)[O-])C)CCCNC(=[N+H2])N)CCC1)C,1,D,Kd,4.6,5XYB
52,5YGF,ligand,ASP GLN GLY ARG GLY ARG ARG ARG PRO,O=C(NC(C(=O)NCC(=O)NC(C(=O)NCC(=O)NC(C(=O)NC(C(=O)NC(C(=O)N1C(C=O)CCC1)CCCNC(=[N+H2])N)CCCNC(=[N+H2])N)CCCNC(=[N+H2])N)CCCNC(=[N+H2])N)CCC(=O)N)C([N+H3])CC(=O)[O-],4,D,Kd,570.0,5YGB
53,6CCU,ligand,PRO HIS ARG VAL,O=C([O-])C(NC(=O)C(NC(=O)C(NC(=O)C1[N+H2]CCC1)Cc1nc[nH]c1)CCC)C(C)C,1,B,Kd,35200.0,6CCR
54,6GHJ,ligand,PHE ALA GLN,O=C([O-])C(NC(=O)C(NC(=O)C([N+H3])Cc1ccccc1)C)CCC(=O)N,1,B,Kd,6890000.0,4D2B
